ts_code,trade_date,open,high,low,close,pre_close,change,pct_chg,vol,amount,adj_factor,adj_close,adj_open,adj_high,adj_low
688709.SH,20240207,21.33,24.88,19.51,19.69,15.69,4.0,25.4939,489806.26,1034885.037,1.0,19.580350039777247,21.21121718377088,24.741447891805883,19.40135242641209
688709.SH,20240208,18.7,21.5,18.01,20.45,19.69,0.76,3.8598,340268.62,675388.644,1.0,20.336117740652345,18.59586316626889,21.380270485282416,17.909705648369133
688709.SH,20240219,20.88,21.79,19.58,21.5,20.45,1.05,5.1345,333169.31,685950.848,1.0,21.380270485282416,20.763723150358,21.668655529037387,19.470962609387428
688709.SH,20240220,21.04,23.38,19.85,22.7,21.5,1.2,5.5814,337172.1,712108.518,1.0,22.573587907716785,20.92283214001591,23.249801113762924,19.739459029435164
688709.SH,20240221,21.6,23.0,21.38,21.6,22.7,-1.1,-4.8458,312851.16,687890.459,1.0,21.479713603818617,21.479713603818617,22.871917263325376,21.26093874303898
688709.SH,20240222,21.39,22.88,21.11,22.37,21.6,0.77,3.5648,264898.64,588626.161,1.0,22.245425616547333,21.2708830548926,22.75258552108194,20.99244232299125
688709.SH,20240223,22.98,23.29,22.11,22.59,22.37,0.22,0.9835,212042.3,480443.317,1.0,22.46420047732697,22.852028639618137,23.160302307080347,21.98687350835322
688709.SH,20240226,22.6,27.11,22.45,25.69,22.59,3.1,13.7229,293519.77,730690.613,1.0,25.546937151949084,22.47414478918059,26.959029435163085,22.32498011137629
688709.SH,20240227,25.06,27.01,24.78,26.38,25.69,0.69,2.6859,248852.42,642210.624,1.0,26.233094669848843,24.92044550517104,26.85958631662689,24.64200477326969
688709.SH,20240228,26.0,26.96,23.0,23.09,26.38,-3.29,-12.4716,269987.11,674838.534,1.0,22.96141607000796,25.85521081941129,26.809864757358792,22.871917263325376
688709.SH,20240229,22.71,25.22,22.63,24.9,23.09,1.81,7.8389,198182.67,481328.249,1.0,24.76133651551313,22.583532219570404,25.079554494828955,22.503977724741446
688709.SH,20240301,24.89,25.69,24.23,24.6,24.9,-0.3,-1.2048,162240.08,404060.194,1.0,24.46300715990453,24.751392203659503,25.546937151949084,24.0950676213206
688709.SH,20240304,24.39,24.84,23.65,24.01,24.6,-0.59,-2.3984,153763.64,372418.596,1.0,23.87629276054097,24.25417661097852,24.70167064439141,23.518297533810657
688709.SH,20240305,23.61,24.06,22.46,22.55,24.01,-1.46,-6.0808,160047.8,371379.089,1.0,22.424423229912488,23.47852028639618,23.926014319809067,22.33492442322991
688709.SH,20240306,22.37,23.45,22.37,22.73,22.55,0.18,0.7982,103427.58,237594.476,1.0,22.603420843277643,22.245425616547333,23.319411296738263,22.245425616547333
688709.SH,20240307,23.03,24.69,23.03,23.33,22.73,0.6,2.6397,151878.01,361653.273,1.0,23.200079554494828,22.90175019888624,24.55250596658712,22.90175019888624
688709.SH,20240308,23.6,24.3,22.98,23.74,23.33,0.41,1.7574,109368.34,259128.593,1.0,23.60779634049324,23.468575974542564,24.16467780429594,22.852028639618137
688709.SH,20240311,23.38,23.63,23.08,23.57,23.74,-0.17,-0.7161,103041.14,240517.751,1.0,23.438743038981706,23.249801113762924,23.49840891010341,22.951471758154334
688709.SH,20240312,23.68,24.8,23.48,24.4,23.57,0.83,3.5214,145969.33,354643.787,1.0,24.26412092283213,23.54813046937152,24.66189339697693,23.349244232299124
688709.SH,20240313,24.52,24.52,23.72,23.8,24.4,-0.6,-2.459,115958.28,279981.736,1.0,23.66746221161496,24.383452665075573,24.383452665075573,23.587907716785995
688709.SH,20240314,23.4,23.5,22.28,22.72,23.8,-1.08,-4.5378,124691.97,285161.347,1.0,22.593476531424024,23.269689737470163,23.369132856006363,22.15592680986476
688709.SH,20240315,22.66,23.07,22.44,22.97,22.72,0.25,1.1004,58091.81,132179.316,1.0,22.84208432776452,22.533810660302308,22.941527446300714,22.315035799522672
688709.SH,20240318,23.13,23.48,22.86,23.33,22.97,0.36,1.5673,76613.51,177902.984,1.0,23.200079554494828,23.00119331742244,23.349244232299124,22.7326968973747
688709.SH,20240319,23.33,24.06,23.2,23.44,23.33,0.11,0.4715,99902.36,236355.942,1.0,23.309466984884647,23.200079554494828,23.926014319809067,23.07080350039777
688709.SH,20240320,23.33,23.81,23.18,23.7,23.44,0.26,1.1092,76949.49,181178.998,1.0,23.56801909307876,23.200079554494828,23.677406523468573,23.05091487669053
688709.SH,20240321,23.99,24.34,23.2,23.2,23.7,-0.5,-2.1097,101264.76,240971.343,1.0,23.07080350039777,23.856404136833728,24.204455051710426,23.07080350039777
688709.SH,20240322,23.1,24.94,23.02,24.2,23.2,1.0,4.3103,157273.97,380267.464,1.0,24.065234685759744,22.971360381861576,24.801113762927606,22.89180588703261
688709.SH,20240325,23.85,23.99,22.39,22.4,24.2,-1.8,-7.438,122244.36,282624.004,1.0,22.27525855210819,23.717183770883054,23.856404136833728,22.26531424025457
688709.SH,20240326,22.63,22.98,21.57,21.74,22.4,-0.66,-2.9464,92162.88,204373.08,1.0,21.61893396976929,22.503977724741446,22.852028639618137,21.449880668257755
688709.SH,20240327,21.79,21.79,20.58,20.62,21.74,-1.12,-5.1518,76435.58,160709.977,1.0,20.505171042163884,21.668655529037387,21.668655529037387,20.4653937947494
688709.SH,20240328,20.68,21.34,20.56,20.88,20.62,0.26,1.2609,69279.92,145527.832,1.0,20.763723150358,20.5648369132856,21.2211614956245,20.44550517104216
688709.SH,20240329,20.71,21.29,20.65,21.26,20.88,0.38,1.8199,54997.67,115254.153,1.0,21.141607000795545,20.59466984884646,21.171439936356403,20.53500397772473
688709.SH,20240401,21.3,21.85,21.3,21.65,21.26,0.39,1.8344,60462.5,130766.65,1.0,21.52943516308672,21.181384248210023,21.72832140015911,21.181384248210023
688709.SH,20240402,21.55,21.69,20.89,21.13,21.65,-0.52,-2.4018,59002.98,125236.225,1.0,21.012330946698487,21.42999204455052,21.5692124105012,20.773667462211616
688709.SH,20240403,21.05,21.71,20.35,21.14,21.13,0.01,0.0473,74620.16,156983.496,1.0,21.022275258552103,20.93277645186953,21.58910103420844,20.23667462211615
688709.SH,20240408,20.99,20.99,20.17,20.21,21.14,-0.93,-4.3992,55951.79,115159.861,1.0,20.09745425616548,20.87311058074781,20.87311058074781,20.057677008751
688709.SH,20240409,20.18,20.65,20.0,20.65,20.21,0.44,2.1771,38687.68,78895.567,1.0,20.53500397772473,20.06762132060461,20.53500397772473,19.888623707239457
688709.SH,20240410,20.55,20.55,19.73,19.95,20.65,-0.7,-3.3898,47586.67,95342.834,1.0,19.83890214797136,20.435560859188545,20.435560859188545,19.620127287191725
688709.SH,20240411,19.8,20.48,19.71,20.02,19.95,0.07,0.3509,37861.87,76473.887,1.0,19.908512330946696,19.689737470167064,20.36595067621321,19.60023866348449
688709.SH,20240412,20.0,20.48,19.98,20.16,20.02,0.14,0.6993,42121.96,85301.295,1.0,20.047732696897373,19.888623707239457,20.36595067621321,19.86873508353222
688709.SH,20240415,20.41,21.15,20.0,20.38,20.16,0.22,1.0913,68879.91,142013.362,1.0,20.26650755767701,20.296340493237867,21.03221957040573,19.888623707239457
688709.SH,20240416,20.21,20.3,18.7,19.0,20.38,-1.38,-6.7713,71378.9,137836.583,1.0,18.89419252187749,20.09745425616548,20.18695306284805,18.59586316626889
688709.SH,20240417,19.49,20.86,19.39,20.8,19.0,1.8,9.4737,88468.36,178489.671,1.0,20.68416865552904,19.38146380270485,20.743834526650755,19.282020684168653
688709.SH,20240418,20.51,20.96,20.26,20.64,20.8,-0.16,-0.7692,61108.79,125913.298,1.0,20.52505966587112,20.395783611774064,20.84327764518695,20.14717581543357
688709.SH,20240419,20.5,20.61,19.89,19.95,20.64,-0.69,-3.343,50477.52,101835.847,1.0,19.83890214797136,20.385839299920445,20.49522673031026,19.77923627684964
688709.SH,20240422,20.0,21.58,19.78,21.3,19.95,1.35,6.7669,100362.25,210763.044,1.0,21.181384248210023,19.888623707239457,21.45982498011137,19.669848846459825
688709.SH,20240423,21.03,21.75,21.01,21.29,21.3,-0.01,-0.0469,72020.61,153927.219,1.0,21.171439936356403,20.91288782816229,21.62887828162291,20.89299920445505
688709.SH,20240424,21.16,21.78,21.16,21.51,21.29,0.22,1.0333,61322.64,131813.13,1.0,21.39021479713604,21.042163882259345,21.65871121718377,21.042163882259345
688709.SH,20240425,21.35,21.59,21.11,21.16,21.51,-0.35,-1.6272,44826.78,95431.721,1.0,21.042163882259345,21.231105807478123,21.469769291965,20.99244232299125
688709.SH,20240426,21.18,21.7,21.15,21.45,21.16,0.29,1.3705,56009.2,120230.439,1.0,21.33054892601432,21.062052505966587,21.57915672235481,21.03221957040573
688709.SH,20240429,21.42,21.94,21.29,21.76,21.45,0.31,1.4452,62312.98,135265.596,1.0,21.638822593476533,21.30071599045346,21.817820206841688,21.171439936356403
688709.SH,20240430,21.61,21.61,20.72,20.77,21.76,-0.99,-4.5496,83883.59,175965.359,1.0,20.654335719968177,21.489657915672232,21.489657915672232,20.60461416070008
688709.SH,20240506,20.98,21.32,20.98,21.08,20.77,0.31,1.4925,44911.64,94963.938,1.0,20.962609387430387,20.8631662688942,21.20127287191726,20.8631662688942
688709.SH,20240507,21.04,21.28,20.96,21.14,21.08,0.06,0.2846,36371.83,76839.492,1.0,21.022275258552103,20.92283214001591,21.161495624502784,20.84327764518695
688709.SH,20240508,21.1,21.19,20.31,20.36,21.14,-0.78,-3.6897,45161.43,93059.3,1.0,20.246618933969767,20.98249801113763,21.071996817820207,20.196897374701667
688709.SH,20240509,20.46,21.26,20.33,21.01,20.36,0.65,3.1925,53790.33,112209.28,1.0,20.89299920445505,20.346062052505967,21.141607000795545,20.21678599840891
688709.SH,20240510,21.08,21.22,20.27,20.36,21.01,-0.65,-3.0938,48436.99,99688.225,1.0,20.246618933969767,20.962609387430387,21.101829753381065,20.15712012728719
688709.SH,20240513,20.18,20.18,19.51,19.56,20.36,-0.8,-3.9293,41848.03,82577.976,1.0,19.45107398568019,20.06762132060461,20.06762132060461,19.40135242641209
688709.SH,20240514,19.85,19.89,19.48,19.6,19.56,0.04,0.2045,24146.97,47467.564,1.0,19.49085123309467,19.739459029435164,19.77923627684964,19.37151949085123
688709.SH,20240515,19.48,19.85,19.24,19.46,19.6,-0.14,-0.7143,26484.54,51806.598,1.0,19.351630867143992,19.37151949085123,19.739459029435164,19.13285600636436
688709.SH,20240516,19.48,19.75,19.3,19.32,19.46,-0.14,-0.7194,28474.6,55500.585,1.0,19.21241050119332,19.37151949085123,19.640015910898963,19.19252187748608
688709.SH,20240517,19.17,19.6,19.1,19.56,19.32,0.24,1.2422,31838.65,61792.154,1.0,19.45107398568019,19.06324582338902,19.49085123309467,18.99363564041368
688709.SH,20240520,19.54,19.81,19.42,19.57,19.56,0.01,0.0511,31759.65,62179.099,1.0,19.46101829753381,19.43118536197295,19.699681782020683,19.311853619729515
688709.SH,20240521,19.57,19.6,19.32,19.32,19.57,-0.25,-1.2775,23683.82,46033.688,1.0,19.21241050119332,19.46101829753381,19.49085123309467,19.21241050119332
688709.SH,20240522,19.32,19.57,19.25,19.46,19.32,0.14,0.7246,26495.77,51415.947,1.0,19.351630867143992,19.21241050119332,19.46101829753381,19.14280031821798
688709.SH,20240523,19.45,19.68,19.19,19.21,19.46,-0.25,-1.2847,44803.15,86963.129,1.0,19.103023070803506,19.341686555290373,19.570405727923628,19.08313444709626
688709.SH,20240524,19.45,19.78,19.23,19.3,19.21,0.09,0.4685,52019.21,101280.581,1.0,19.19252187748608,19.341686555290373,19.669848846459825,19.12291169451074
688709.SH,20240527,19.35,19.55,18.68,19.52,19.3,0.22,1.1399,53828.57,102747.207,1.0,19.411296738265712,19.242243436754176,19.44112967382657,18.575974542561653
688709.SH,20240528,19.49,20.16,19.31,19.47,19.52,-0.05,-0.2561,65814.18,129913.13,1.0,19.36157517899761,19.38146380270485,20.047732696897373,19.20246618933969
688709.SH,20240529,19.47,19.78,19.1,19.2,19.47,-0.27,-1.3867,37575.11,73015.493,1.0,19.09307875894988,19.36157517899761,19.669848846459825,18.99363564041368
688709.SH,20240530,19.02,20.19,19.02,19.94,19.2,0.74,3.8542,91557.48,181583.082,1.0,19.82895783611774,18.914081145584724,20.077565632458235,18.914081145584724
688709.SH,20240531,19.98,20.75,19.96,20.31,19.94,0.37,1.8556,76825.07,156752.594,1.0,20.196897374701667,19.86873508353222,20.63444709626094,19.84884645982498
688709.SH,20240603,20.27,20.92,20.12,20.48,20.31,0.17,0.837,66625.62,136809.992,1.0,20.36595067621321,20.15712012728719,20.80350039777248,20.007955449482896
688709.SH,20240604,20.26,20.45,19.8,20.24,20.48,-0.24,-1.1719,51029.46,102199.657,1.0,20.12728719172633,20.14717581543357,20.336117740652345,19.689737470167064
688709.SH,20240605,20.25,20.97,20.1,20.3,20.24,0.06,0.2964,65905.34,135315.271,1.0,20.18695306284805,20.13723150357995,20.85322195704057,19.988066825775658
688709.SH,20240606,20.5,20.78,19.88,19.9,20.3,-0.4,-1.9704,68498.16,139080.085,1.0,19.78918058870326,20.385839299920445,20.6642800318218,19.76929196499602
688709.SH,20240607,20.08,20.59,19.83,20.06,19.9,0.16,0.804,53277.07,107372.415,1.0,19.948289578361177,19.96817820206841,20.475338106603022,19.71957040572792
688709.SH,20240611,20.28,21.2,20.1,21.2,20.06,1.14,5.683,97019.21,201109.334,1.0,21.081941129673822,20.16706443914081,21.081941129673822,19.988066825775658
688709.SH,20240612,21.0,21.24,20.78,21.15,21.2,-0.05,-0.2358,63585.95,133759.399,1.0,21.03221957040573,20.883054892601432,21.121718377088303,20.6642800318218
688709.SH,20240613,21.18,23.0,21.08,22.12,21.15,0.97,4.5863,144369.49,319987.749,1.0,21.996817820206843,21.062052505966587,22.871917263325376,20.962609387430387
688709.SH,20240614,22.05,22.2,21.5,21.65,22.12,-0.47,-2.1248,84092.04,182801.07,1.0,21.52943516308672,21.927207637231504,22.0763723150358,21.380270485282416
688709.SH,20240617,21.65,21.89,21.13,21.54,21.65,-0.11,-0.5081,63328.88,136945.78,1.0,21.420047732696897,21.52943516308672,21.768098647573588,21.012330946698487
688709.SH,20240618,21.44,21.73,21.2,21.43,21.43,0.0,0.0,60362.49,129120.249,1.0051,21.419344669848847,21.429339697692924,21.719195505171044,21.189459029435163
688709.SH,20240619,21.39,21.75,20.84,21.45,21.43,0.02,0.0933,80985.14,172654.516,1.0051,21.439334725536995,21.379364558472552,21.739185560859188,20.829638027048528
688709.SH,20240620,21.5,22.48,21.43,21.43,21.45,-0.02,-0.0932,123215.95,270693.311,1.0051,21.419344669848847,21.48930986475736,22.46882259347653,21.419344669848847
688709.SH,20240621,21.02,21.27,20.52,21.12,21.43,-0.31,-1.4466,76019.09,158765.909,1.0051,21.10949880668258,21.009548528241844,21.259424224343675,20.509797136038188
688709.SH,20240624,20.85,21.05,19.63,19.76,21.12,-1.36,-6.4394,81494.64,165456.788,1.0051,19.750175019888623,20.8396330548926,21.03953361177407,19.620239657915672
688709.SH,20240625,19.84,19.89,19.07,19.28,19.76,-0.48,-2.4291,48938.39,95068.847,1.0051,19.27041368337312,19.83013524264121,19.880110381861577,19.060518098647574
688709.SH,20240626,19.29,19.84,18.96,19.72,19.28,0.44,2.2822,44114.91,85624.967,1.005,19.708233890214792,19.278490453460616,19.828162291169445,18.94868735083532
688709.SH,20240627,19.5,19.7,19.12,19.12,19.72,-0.6,-3.0426,39758.1,77120.409,1.005,19.108591885441523,19.48836515513126,19.688245823389018,19.108591885441523
688709.SH,20240628,19.09,19.72,19.03,19.32,19.12,0.2,1.046,37925.4,73684.591,1.005,19.30847255369928,19.07860978520286,19.708233890214792,19.018645584725533
688709.SH,20240701,19.25,19.51,18.77,19.4,19.32,0.08,0.4141,40238.84,77166.76,1.005,19.38842482100238,19.238514319809067,19.49835918854415,18.758800715990454
688709.SH,20240702,19.69,19.86,19.28,19.29,19.4,-0.11,-0.567,35827.11,70053.963,1.005,19.278490453460616,19.67825178997613,19.848150357995223,19.26849642004773
688709.SH,20240703,19.16,19.66,19.03,19.44,19.29,0.15,0.7776,32215.57,62368.539,1.005,19.42840095465393,19.14856801909308,19.648269689737468,19.018645584725533
688709.SH,20240704,19.39,19.56,18.66,18.68,19.44,-0.76,-3.9095,38944.14,73998.584,1.005,18.66885441527446,19.378430787589497,19.54832935560859,18.648866348448685
688709.SH,20240705,18.58,18.96,18.35,18.77,18.68,0.09,0.4818,25883.28,48171.084,1.005,18.758800715990454,18.56891408114558,18.94868735083532,18.33905131264916
688709.SH,20240708,18.79,19.08,18.12,18.14,18.77,-0.63,-3.3564,31089.03,58007.946,1.005,18.12917661097852,18.77878878281623,19.06861575178997,18.109188544152744
688709.SH,20240709,18.11,18.97,18.0,18.88,18.14,0.74,4.0794,39736.94,73429.592,1.005,18.86873508353221,18.099194510739853,18.958681384248205,17.989260143198088
688709.SH,20240710,18.7,19.04,18.65,18.75,18.88,-0.13,-0.6886,28943.62,54492.842,1.005,18.73881264916467,18.688842482100235,19.02863961813842,18.6388723150358
688709.SH,20240711,19.2,19.38,18.98,19.21,18.75,0.46,2.4533,36959.46,70879.563,1.005,19.19853818615752,19.188544152744623,19.368436754176606,18.968675417661096
688709.SH,20240712,18.97,19.12,18.87,19.02,19.21,-0.19,-0.9891,22479.94,42662.869,1.005,19.00865155131265,18.958681384248205,19.108591885441523,18.85874105011933
688709.SH,20240715,18.95,19.16,18.43,18.52,19.02,-0.5,-2.6288,27354.02,51123.052,1.005,18.50894988066825,18.93869331742243,19.14856801909308,18.419003579952264
688709.SH,20240716,18.56,18.95,18.1,18.93,18.52,0.41,2.2138,36002.41,67024.11,1.005,18.918705250596656,18.548926014319804,18.93869331742243,18.08920047732697
688709.SH,20240717,18.77,18.92,18.58,18.61,18.93,-0.32,-1.6904,22189.37,41529.842,1.005,18.598896181384244,18.758800715990454,18.908711217183768,18.56891408114558
688709.SH,20240718,18.33,19.07,18.0,18.83,18.61,0.22,1.1822,47427.61,87487.308,1.005,18.81876491646777,18.319063245823383,19.058621718377083,17.989260143198088
688709.SH,20240719,18.63,19.62,18.55,19.35,18.83,0.52,2.7616,58802.43,113524.805,1.005,19.338454653937944,18.61888424821002,19.60829355608592,18.53893198090692
688709.SH,20240722,19.38,19.63,19.2,19.44,19.35,0.09,0.4651,36695.03,71310.768,1.005,19.42840095465393,19.368436754176606,19.6182875894988,19.188544152744623
688709.SH,20240723,19.46,19.58,18.56,18.58,19.44,-0.86,-4.4239,33777.88,64179.702,1.005,18.56891408114558,19.44838902147971,19.568317422434365,18.548926014319804
688709.SH,20240724,18.51,18.79,18.09,18.11,18.58,-0.47,-2.5296,33822.88,62250.822,1.005,18.099194510739853,18.49895584725537,18.77878878281623,18.07920644391408
688709.SH,20240725,18.05,18.49,17.92,18.18,18.11,0.07,0.3865,26189.39,47523.855,1.005,18.16915274463007,18.03923031026253,18.478967780429592,17.909307875894985
688709.SH,20240726,18.2,18.59,18.17,18.45,18.18,0.27,1.4851,24307.02,44658.121,1.005,18.43899164677804,18.189140811455843,18.57890811455847,18.159158711217184
688709.SH,20240729,18.48,18.6,18.09,18.17,18.45,-0.28,-1.5176,21870.74,40073.554,1.005,18.159158711217184,18.468973747016705,18.58890214797136,18.07920644391408
688709.SH,20240730,17.99,18.48,17.92,18.37,18.17,0.2,1.1007,21459.62,39063.054,1.005,18.359039379474936,17.979266109785197,18.468973747016705,17.909307875894985
688709.SH,20240731,18.2,19.05,18.2,18.91,18.37,0.54,2.9396,38562.85,72333.307,1.005,18.89871718377088,18.189140811455843,19.038633651551308,18.189140811455843
688709.SH,20240801,18.9,19.45,18.87,19.18,18.91,0.27,1.4278,44526.28,85354.776,1.005,19.16855608591885,18.88872315035799,19.438394988066825,18.85874105011933
688709.SH,20240802,18.95,19.03,18.3,18.31,19.18,-0.87,-4.536,36917.19,68905.204,1.005,18.299075178997608,18.93869331742243,19.018645584725533,18.28908114558472
688709.SH,20240805,18.21,18.38,17.4,17.4,18.31,-0.91,-4.97,45373.42,81118.015,1.005,17.38961813842482,18.19913484486873,18.369033412887827,17.38961813842482
688709.SH,20240806,17.68,17.85,17.4,17.71,17.4,0.31,1.7816,19924.91,35107.115,1.005,17.699433174224342,17.669451073985677,17.839349642004773,17.38961813842482
688709.SH,20240807,17.5,17.7,17.18,17.31,17.71,-0.4,-2.2586,52515.73,91208.763,1.005,17.29967183770883,17.489558472553696,17.689439140811455,17.169749403341285
688709.SH,20240808,17.22,17.22,16.59,16.93,17.31,-0.38,-2.1953,47486.07,80144.434,1.005,16.919898568019093,17.209725536992835,17.209725536992835,16.580101431980903
688709.SH,20240809,17.1,17.27,16.81,16.84,16.93,-0.09,-0.5316,29661.78,50592.895,1.005,16.8299522673031,17.089797136038186,17.25969570405728,16.799970167064433
688709.SH,20240812,16.77,16.9,16.4,16.46,16.84,-0.38,-2.2565,26066.84,43372.434,1.005,16.45017899761336,16.759994033412884,16.889916467780427,16.390214797136032
688709.SH,20240813,16.46,16.8,16.45,16.71,16.46,0.25,1.5188,21754.52,36172.035,1.005,16.70002983293556,16.45017899761336,16.78997613365155,16.440184964200473
688709.SH,20240814,16.7,16.93,16.66,16.67,16.71,-0.04,-0.2394,19952.32,33482.166,1.005,16.66005369928401,16.69003579952267,16.919898568019093,16.65005966587112
688709.SH,20240815,16.7,17.0,16.54,16.83,16.67,0.16,0.9598,25059.82,42175.023,1.005,16.81995823389021,16.69003579952267,16.989856801909305,16.530131264916466
688709.SH,20240816,16.95,16.97,16.61,16.62,16.83,-0.21,-1.2478,19479.78,32721.05,1.005,16.61008353221957,16.939886634844868,16.959874701670643,16.60008949880668
688709.SH,20240819,16.58,16.8,16.32,16.32,16.62,-0.3,-1.8051,23346.91,38610.616,1.005,16.310262529832933,16.570107398568016,16.78997613365155,16.310262529832933
688709.SH,20240820,16.4,16.45,15.95,16.04,16.32,-0.28,-1.7157,27592.37,44407.37,1.005,16.03042959427207,16.390214797136032,16.440184964200473,15.94048329355608
688709.SH,20240821,16.01,16.05,15.63,15.68,16.04,-0.36,-2.2444,30291.43,47867.12,1.005,15.670644391408112,16.000447494033413,16.040423627684962,15.620674224343675
688709.SH,20240822,15.69,15.9,15.55,15.63,15.68,-0.05,-0.3189,20473.52,32215.255,1.005,15.620674224343675,15.680638424821,15.890513126491644,15.54072195704057
688709.SH,20240823,15.8,15.8,15.36,15.56,15.63,-0.07,-0.4479,19648.69,30522.61,1.005,15.550715990453458,15.790572792362768,15.790572792362768,15.3508353221957
688709.SH,20240826,15.52,15.74,15.46,15.5,15.56,-0.06,-0.3856,15729.64,24503.493,1.005,15.490751789976132,15.510739856801909,15.73060859188544,15.45077565632458
688709.SH,20240827,15.42,15.49,14.98,15.01,15.5,-0.49,-3.1613,25547.8,38795.222,1.005,15.001044152744628,15.410799522673027,15.480757756563245,14.971062052505964
688709.SH,20240828,15.0,15.14,14.93,15.03,15.01,0.02,0.1332,14467.96,21756.877,1.005,15.021032219570404,14.99105011933174,15.13096658711217,14.921091885441523
688709.SH,20240829,15.0,15.33,14.83,15.14,15.03,0.11,0.7319,25113.81,37980.206,1.005,15.13096658711217,14.99105011933174,15.32085322195704,14.821151551312646
688709.SH,20240830,14.71,15.54,14.51,15.19,15.14,0.05,0.3303,65141.01,98556.892,1.005,15.180936754176608,14.701223150357997,15.530727923627682,14.501342482100236
688709.SH,20240902,15.18,15.26,14.39,14.41,15.19,-0.78,-5.135,39277.99,57980.925,1.005,14.40140214797136,15.17094272076372,15.250894988066824,14.381414081145584
688709.SH,20240903,14.56,14.73,14.38,14.62,14.41,0.21,1.4573,26268.26,38286.81,1.005,14.611276849642,14.551312649164675,14.72121121718377,14.371420047732697
688709.SH,20240904,14.54,14.8,14.41,14.61,14.62,-0.01,-0.0684,21153.65,30988.402,1.005,14.601282816229114,14.5313245823389,14.791169451073984,14.40140214797136
688709.SH,20240905,14.57,14.94,14.57,14.72,14.61,0.11,0.7529,20058.48,29534.05,1.005,14.711217183770882,14.561306682577564,14.931085918854412,14.561306682577564
688709.SH,20240906,14.72,14.72,14.2,14.2,14.72,-0.52,-3.5326,29395.47,42368.249,1.005,14.191527446300713,14.711217183770882,14.711217183770882,14.191527446300713
688709.SH,20240909,14.08,14.24,14.04,14.12,14.2,-0.08,-0.5634,18360.29,25931.065,1.005,14.111575178997612,14.07159904534606,14.231503579952266,14.031622911694509
688709.SH,20240910,14.2,14.31,13.88,14.25,14.12,0.13,0.9207,20074.59,28295.201,1.005,14.241497613365151,14.191527446300713,14.30146181384248,13.871718377088303
688709.SH,20240911,14.19,14.3,14.12,14.26,14.25,0.01,0.0702,13199.5,18770.131,1.005,14.25149164677804,14.181533412887823,14.291467780429592,14.111575178997612
688709.SH,20240912,14.26,14.42,14.1,14.1,14.26,-0.16,-1.122,14944.23,21302.559,1.005,14.091587112171837,14.25149164677804,14.411396181384246,14.091587112171837
688709.SH,20240913,14.15,14.15,13.66,13.68,14.1,-0.42,-2.9787,22282.23,30878.731,1.005,13.671837708830546,14.141557279236276,14.141557279236276,13.651849642004771
688709.SH,20240918,13.7,13.78,13.36,13.56,13.68,-0.12,-0.8772,16580.9,22421.989,1.005,13.551909307875894,13.69182577565632,13.771778042959426,13.352028639618135
688709.SH,20240919,13.59,13.95,13.45,13.75,13.56,0.19,1.4012,19854.86,27257.253,1.005,13.741795942720762,13.581891408114556,13.94167661097852,13.441974940334124
688709.SH,20240920,13.79,13.85,13.54,13.66,13.75,-0.09,-0.6545,13246.79,18145.835,1.005,13.651849642004771,13.781772076372311,13.84173627684964,13.531921241050116
688709.SH,20240923,13.7,13.84,13.56,13.76,13.66,0.1,0.7321,13543.21,18616.519,1.005,13.751789976133647,13.69182577565632,13.831742243436752,13.551909307875894
688709.SH,20240924,13.84,14.37,13.71,14.34,13.76,0.58,4.2151,31789.1,44860.306,1.005,14.331443914081143,13.831742243436752,14.361426014319806,13.70181980906921
688709.SH,20240925,14.5,14.84,14.41,14.5,14.34,0.16,1.1158,41615.9,60843.959,1.005,14.491348448687347,14.491348448687347,14.831145584725531,14.40140214797136
688709.SH,20240926,14.57,15.74,14.5,15.71,14.5,1.21,8.3448,78116.82,119274.209,1.005,15.700626491646776,14.561306682577564,15.73060859188544,14.491348448687347
688709.SH,20240927,16.06,16.53,15.8,16.48,15.71,0.77,4.9013,50147.51,81081.44,1.005,16.47016706443914,16.050417661097846,16.52013723150358,15.790572792362768
688709.SH,20240930,17.4,19.16,16.8,18.85,16.48,2.37,14.3811,132044.56,237060.826,1.005,18.83875298329356,17.38961813842482,19.14856801909308,16.78997613365155
688709.SH,20241008,22.62,22.62,20.54,22.62,18.85,3.77,20.0,210374.27,462247.812,1.005,22.606503579952268,22.606503579952268,22.606503579952268,20.527744630071595
688709.SH,20241009,21.8,22.85,20.23,20.57,22.62,-2.05,-9.0628,175457.96,380285.796,1.005,20.557726730310257,21.786992840095465,22.836366348448685,20.21792959427207
688709.SH,20241010,21.27,21.27,19.38,19.41,20.57,-1.16,-5.6393,97358.7,194080.679,1.005,19.398418854415272,21.257309069212408,21.257309069212408,19.368436754176606
688709.SH,20241011,19.1,19.28,17.81,18.0,19.41,-1.41,-7.2643,72763.91,133690.946,1.005,17.989260143198088,19.08860381861575,19.26849642004773,17.799373508353217
688709.SH,20241014,18.0,18.77,17.58,18.61,18.0,0.61,3.3889,62809.66,114403.546,1.005,18.598896181384244,17.989260143198088,18.758800715990454,17.569510739856796
688709.SH,20241015,18.55,19.48,18.49,18.51,18.61,-0.1,-0.5373,71518.24,135785.796,1.005,18.49895584725537,18.53893198090692,19.468377088305484,18.478967780429592
688709.SH,20241016,18.12,21.36,18.12,20.99,18.51,2.48,13.3982,196883.33,401476.223,1.005,20.977476133651543,18.109188544152744,21.347255369928394,18.109188544152744
688709.SH,20241017,20.98,20.99,19.85,20.01,20.99,-0.98,-4.6689,156055.65,316511.091,1.005,19.998060859188545,20.96748210023866,20.977476133651543,19.838156324582336
688709.SH,20241018,19.86,22.49,19.6,21.5,20.01,1.49,7.4463,171382.19,359057.006,1.005,21.48717183770883,19.848150357995223,22.47658114558472,19.588305489260144
688709.SH,20241021,22.0,25.41,21.51,23.3,21.5,1.8,8.3721,226948.04,528002.09,1.005,23.28609785202864,21.98687350835322,25.394838902147967,21.49716587112172
688709.SH,20241022,22.9,23.43,22.06,22.36,23.3,-0.94,-4.0343,140732.66,318527.737,1.005,22.34665871121718,22.88633651551312,23.41602028639618,22.046837708830544
688709.SH,20241023,22.23,23.4,22.03,22.45,22.36,0.09,0.4025,101990.01,231563.964,1.005,22.436605011933167,22.21673627684964,23.38603818615752,22.01685560859188
688709.SH,20241024,22.09,22.99,21.8,21.9,22.45,-0.55,-2.4499,82538.61,183641.649,1.005,21.88693317422434,22.076819809069207,22.976282816229112,21.786992840095465
688709.SH,20241025,22.0,22.59,21.75,22.05,21.9,0.15,0.6849,71226.1,157269.091,1.005,22.036843675417657,21.98687350835322,22.5765214797136,21.73702267303102
688709.SH,20241028,22.07,23.02,21.89,22.81,22.05,0.76,3.4467,82397.09,186012.878,1.005,22.79639021479713,22.056831742243432,23.00626491646777,21.87693914081145
688709.SH,20241029,22.83,23.45,21.87,21.92,22.81,-0.89,-3.9018,87700.58,198213.491,1.005,21.90692124105012,22.816378281622907,23.43600835322196,21.85695107398568
688709.SH,20241030,21.52,21.85,20.97,21.29,21.92,-0.63,-2.8741,68368.33,146398.159,1.005,21.277297136038182,21.507159904534603,21.836963007159905,20.95748806682577
688709.SH,20241031,20.99,22.33,20.91,22.0,21.29,0.71,3.3349,86791.15,189828.802,1.005,21.98687350835322,20.977476133651543,22.316676610978515,20.897523866348443
688709.SH,20241101,21.87,22.25,20.28,20.28,22.0,-1.72,-7.8182,89751.28,187605.781,1.005,20.267899761336515,21.85695107398568,22.236724343675416,20.267899761336515
688709.SH,20241104,20.31,21.38,20.01,21.18,20.28,0.9,4.4379,54331.85,113694.695,1.005,21.167362768496417,20.297881861575178,21.36724343675417,19.998060859188545
688709.SH,20241105,21.09,22.13,21.01,22.1,21.18,0.92,4.3437,71785.35,156234.362,1.005,22.086813842482098,21.077416467780427,22.11679594272076,20.997464200477324
688709.SH,20241106,21.99,22.99,21.86,22.31,22.1,0.21,0.9502,96527.37,216016.998,1.005,22.29668854415274,21.97687947494033,22.976282816229112,21.84695704057279
688709.SH,20241107,22.08,23.48,22.08,22.83,22.31,0.52,2.3308,80732.23,184942.525,1.005,22.816378281622907,22.06682577565632,23.465990453460616,22.06682577565632
688709.SH,20241108,23.5,26.85,23.33,24.41,22.83,1.58,6.9207,183349.76,456541.108,1.005,24.395435560859184,23.48597852028639,26.833979713603817,23.31607995226729
688709.SH,20241111,24.9,27.98,24.9,27.28,24.41,2.87,11.7575,179165.41,474760.461,1.005,27.263723150358,24.885143198090688,27.96330548926014,24.885143198090688
688709.SH,20241112,27.0,27.47,25.9,26.28,27.28,-1.0,-3.6657,137049.7,362162.292,1.005,26.264319809069207,26.98389021479713,27.45360978520286,25.884546539379468
688709.SH,20241113,25.9,26.99,25.6,26.68,26.28,0.4,1.5221,97791.42,257749.37,1.005,26.66408114558472,25.884546539379468,26.97389618138424,25.58472553699284
688709.SH,20241114,26.62,26.64,25.06,25.24,26.68,-1.44,-5.3973,81432.72,209778.361,1.005,25.22494033412888,26.6041169451074,26.62410501193317,25.04504773269689
688709.SH,20241115,25.02,25.4,23.68,23.7,25.24,-1.54,-6.1014,80658.55,197270.716,1.005,23.68585918854415,25.00507159904534,25.38484486873508,23.66587112171837
688709.SH,20241118,23.68,24.09,22.57,23.18,23.7,-0.52,-2.1941,67286.04,156650.629,1.005,23.16616945107398,23.66587112171837,24.075626491646776,22.556533412887827
688709.SH,20241119,23.23,24.42,23.18,24.41,23.18,1.23,5.3063,60874.84,144451.389,1.005,24.395435560859184,23.21613961813842,24.40542959427207,23.16616945107398
688709.SH,20241120,24.4,24.78,23.86,24.46,24.41,0.05,0.2048,57010.48,137994.341,1.005,24.445405727923625,24.385441527446293,24.76521479713604,23.845763723150355
688709.SH,20241121,24.3,25.22,23.98,24.55,24.46,0.09,0.3679,56433.46,139241.768,1.005,24.53535202863961,24.28550119331742,25.2049522673031,23.965692124105008
688709.SH,20241122,24.6,25.65,23.77,23.79,24.55,-0.76,-3.0957,84247.32,209871.58,1.005,23.77580548926014,24.58532219570405,25.634695704057275,23.755817422434365
688709.SH,20241125,24.16,24.28,23.03,24.22,23.79,0.43,1.8075,45228.61,107366.287,1.005,24.20554892601432,24.14558472553699,24.265513126491644,23.016258949880665
688709.SH,20241126,24.13,24.5,23.76,23.81,24.22,-0.41,-1.6928,31588.15,76003.274,1.005,23.795793556085915,24.11560262529833,24.485381861575178,23.74582338902148
688709.SH,20241127,23.62,24.25,22.71,24.25,23.81,0.44,1.848,50461.0,118920.32,1.005,24.23553102625298,23.605906921241047,24.23553102625298,22.69644988066825
688709.SH,20241128,24.2,24.63,23.6,23.62,24.25,-0.63,-2.5979,46506.6,111825.275,1.005,23.605906921241047,24.18556085918854,24.61530429594272,23.585918854415272
688709.SH,20241129,23.56,24.76,23.3,24.26,23.62,0.64,2.7096,47655.86,114860.863,1.005,24.24552505966587,23.54594272076372,24.745226730310257,23.28609785202864
688709.SH,20241202,24.29,24.65,24.08,24.42,24.26,0.16,0.6595,46404.39,113082.943,1.005,24.40542959427207,24.275507159904528,24.63529236276849,24.065632458233885
688709.SH,20241203,24.49,25.1,24.06,25.1,24.42,0.68,2.7846,58897.53,144807.424,1.005,25.085023866348447,24.475387828162287,25.085023866348447,24.04564439140811
688709.SH,20241204,27.88,30.12,27.27,27.3,25.1,2.2,8.7649,255343.15,741477.399,1.005,27.283711217183768,27.863365155131262,30.102028639618137,27.253729116945102
688709.SH,20241205,27.21,31.76,26.44,29.72,27.3,2.42,8.8645,233318.36,681613.743,1.005,29.70226730310262,27.19376491646777,31.74105011933174,26.424224343675416
688709.SH,20241206,29.0,35.66,28.81,35.66,29.72,5.94,19.9865,297965.14,989823.139,1.005,35.63872315035798,28.98269689737469,35.63872315035798,28.792810262529827
688709.SH,20241209,33.5,34.23,31.11,31.55,35.66,-4.11,-11.5255,233606.79,762685.321,1.005,31.531175417661093,33.48001193317422,34.20957637231503,31.09143794749403
688709.SH,20241210,34.05,37.28,33.36,35.93,31.55,4.38,13.8827,236182.05,839233.348,1.005,35.90856205250596,34.02968377088305,37.25775656324582,33.34009546539379
688709.SH,20241211,35.01,40.39,34.78,38.22,35.93,2.29,6.3735,232886.32,869778.412,1.005,38.19719570405727,34.98911097852028,40.36590095465393,34.75924821002386
688709.SH,20241212,37.38,37.4,35.6,36.76,38.22,-1.46,-3.82,167885.94,609743.665,1.005,36.73806682577565,37.35769689737469,37.37768496420047,35.578758949880665
688709.SH,20241213,36.1,37.75,35.01,35.76,36.76,-1.0,-2.7203,162721.44,591593.285,1.005,35.738663484486864,36.07846062052506,37.72747613365155,34.98911097852028
688709.SH,20241216,36.65,36.65,32.02,32.46,35.76,-3.3,-9.2282,153393.19,514850.208,1.005,32.440632458233885,36.62813245823388,36.62813245823388,32.000894988066825
688709.SH,20241217,32.74,32.9,30.9,31.35,32.46,-1.11,-3.4196,93392.45,296040.095,1.005,31.331294749403337,32.72046539379475,32.880369928400945,30.881563245823383
688709.SH,20241218,31.76,35.0,30.51,34.61,31.35,3.26,10.3987,155011.11,512930.316,1.005,34.58934964200477,31.74105011933174,34.97911694510739,30.491795942720763
688709.SH,20241219,33.38,34.55,33.02,33.52,34.61,-1.09,-3.1494,97795.38,329774.947,1.005,33.49999999999999,33.36008353221957,34.52938544152744,33.00029832935561
688709.SH,20241220,33.3,36.7,33.14,34.6,33.52,1.08,3.222,138391.73,484493.315,1.005,34.57935560859188,33.28013126491646,36.67810262529832,33.12022673031026
688709.SH,20241223,34.55,34.71,32.6,32.7,34.6,-1.9,-5.4913,86188.87,287388.896,1.005,32.6804892601432,34.52938544152744,34.68928997613365,32.58054892601432
688709.SH,20241224,33.0,33.69,31.52,33.55,32.7,0.85,2.5994,85057.37,277004.294,1.005,33.529982100238655,32.980310262529834,33.66989856801908,31.501193317422427
688709.SH,20241225,33.8,34.18,32.5,32.65,33.55,-0.9,-2.6826,66548.0,221655.713,1.005,32.63051909307875,33.779832935560854,34.15960620525059,32.480608591885435
688709.SH,20241226,32.51,33.98,32.31,33.76,32.65,1.11,3.3997,82437.76,275053.681,1.005,33.739856801909305,32.49060262529832,33.959725536992835,32.290721957040574
688709.SH,20241227,33.77,35.3,33.0,33.9,33.76,0.14,0.4147,87291.0,297349.453,1.005,33.879773269689736,33.7498508353222,35.27893794749403,32.980310262529834
688709.SH,20241230,33.63,34.58,32.6,34.1,33.9,0.2,0.59,60156.29,203300.052,1.005,34.07965393794749,33.60993436754176,34.55936754176611,32.58054892601432
688709.SH,20241231,34.3,34.38,30.6,30.88,34.1,-3.22,-9.4428,93222.13,299807.067,1.005,30.861575178997608,34.27953460620524,34.359486873508345,30.58174224343675
688709.SH,20250102,30.5,30.95,28.3,29.07,30.88,-1.81,-5.8614,92939.31,273654.405,1.005,29.05265513126492,30.481801909307872,30.931533412887823,28.28311455847255
688709.SH,20250103,29.06,29.36,27.2,27.21,29.07,-1.86,-6.3983,82791.11,231062.596,1.005,27.19376491646777,29.042661097852022,29.34248210023865,27.183770883054887
688709.SH,20250106,27.3,27.99,26.73,27.0,27.21,-0.21,-0.7718,58078.53,158140.31,1.005,26.98389021479713,27.283711217183768,27.973299522673024,26.71405131264916
688709.SH,20250107,27.15,28.3,26.85,28.22,27.0,1.22,4.5185,65863.14,181375.273,1.005,28.203162291169445,27.13380071599045,28.28311455847255,26.833979713603817
688709.SH,20250108,27.72,28.55,26.78,27.92,28.22,-0.3,-1.0631,72512.72,201541.821,1.005,27.903341288782816,27.703460620525053,28.532965393794743,26.7640214797136
688709.SH,20250109,27.95,29.56,27.72,28.6,27.92,0.68,2.4355,75193.07,217047.351,1.005,28.582935560859184,27.933323389021474,29.54236276849641,27.703460620525053
688709.SH,20250110,28.38,29.37,27.51,27.52,28.6,-1.08,-3.7762,71386.55,203387.513,1.005,27.50357995226729,28.36306682577565,29.35247613365155,27.49358591885441
688709.SH,20250113,26.16,26.94,25.93,26.49,27.52,-1.03,-3.7427,65588.68,173197.249,1.005,26.474194510739853,26.144391408114554,26.923926014319807,25.914528639618133
688709.SH,20250114,26.6,28.8,26.31,28.48,26.49,1.99,7.5123,85207.96,238119.759,1.005,28.46300715990453,26.58412887828161,28.782816229116943,26.29430190930787
688709.SH,20250115,28.3,28.7,27.67,28.34,28.48,-0.14,-0.4916,59440.8,167329.316,1.005,28.3230906921241,28.28311455847255,28.68287589498806,27.653490453460616
688709.SH,20250116,28.36,29.0,27.57,28.13,28.34,-0.21,-0.741,61198.4,172920.898,1.005,28.11321599045345,28.34307875894988,28.98269689737469,27.55355011933174
688709.SH,20250117,28.68,29.7,28.15,29.0,28.13,0.87,3.0928,93353.19,270397.577,1.005,28.98269689737469,28.662887828162287,29.682279236276845,28.13320405727923
688709.SH,20250120,29.5,29.55,28.58,29.38,29.0,0.38,1.3103,63872.99,185006.956,1.005,29.36247016706444,29.48239856801909,29.53236873508353,28.56294749403341
688709.SH,20250121,29.87,29.87,28.51,28.9,29.38,-0.48,-1.6338,62651.76,181610.231,1.005,28.882756563245817,29.85217780429594,29.85217780429594,28.4929892601432
688709.SH,20250122,28.6,28.6,27.02,27.48,28.9,-1.42,-4.9135,66674.57,184535.749,1.005,27.46360381861575,28.582935560859184,28.582935560859184,27.003878281622907
688709.SH,20250123,27.99,29.17,27.1,27.12,27.48,-0.36,-1.31,80315.22,227342.265,1.005,27.103818615751788,27.973299522673024,29.15259546539379,27.083830548926013
688709.SH,20250124,27.12,28.14,27.02,27.19,27.12,0.07,0.2581,56558.48,154953.153,1.005,27.173776849642003,27.103818615751788,28.123210023866346,27.003878281622907
688709.SH,20250127,27.08,27.33,25.89,25.89,27.19,-1.3,-4.7812,48540.27,128344.187,1.005,25.874552505966584,27.06384248210023,27.313693317422427,25.874552505966584
688709.SH,20250205,26.39,27.6,26.3,27.1,25.89,1.21,4.6736,56590.59,152386.591,1.005,27.083830548926013,26.37425417661097,27.583532219570404,26.28430787589498
688709.SH,20250206,26.53,29.48,26.32,28.73,27.1,1.63,6.0148,97222.91,274374.576,1.005,28.712857995226727,26.51417064439141,29.462410501193315,26.30429594272076
688709.SH,20250207,28.9,30.88,28.7,29.83,28.73,1.1,3.8288,169420.09,500253.04,1.005,29.812201670644384,28.882756563245817,30.861575178997608,28.68287589498806
688709.SH,20250210,29.85,30.56,29.1,30.36,29.83,0.53,1.7767,201007.67,604078.638,1.005,30.34188544152744,29.832189737470166,30.5417661097852,29.08263723150358
688709.SH,20250211,29.9,30.09,28.81,29.15,30.36,-1.21,-3.9855,132077.91,385903.385,1.005,29.132607398568013,29.8821599045346,30.072046539379468,28.792810262529827
688709.SH,20250212,28.81,29.89,28.72,29.78,29.15,0.63,2.1612,126805.19,371729.216,1.005,29.76223150357995,28.792810262529827,29.87216587112172,28.70286396181384
688709.SH,20250213,29.7,29.7,28.37,28.37,29.78,-1.41,-4.7347,94314.11,272217.755,1.005,28.353072792362767,29.682279236276845,29.682279236276845,28.353072792362767
688709.SH,20250214,28.36,28.49,27.27,27.53,28.37,-0.84,-2.9609,88513.65,244376.302,1.005,27.51357398568019,28.34307875894988,28.47300119331741,27.253729116945102
688709.SH,20250217,27.63,28.98,27.58,28.74,27.53,1.21,4.3952,110011.72,313823.107,1.005,28.72285202863961,27.613514319809063,28.96270883054892,27.563544152744623
688709.SH,20250218,28.59,28.92,26.88,27.04,28.74,-1.7,-5.9151,93865.49,260263.524,1.005,27.02386634844868,28.572941527446293,28.902744630071595,26.86396181384248
688709.SH,20250219,27.3,28.56,27.0,28.33,27.04,1.29,4.7707,91739.11,257166.469,1.005,28.313096658711213,27.283711217183768,28.54295942720763,26.98389021479713
688709.SH,20250220,28.29,28.92,27.87,28.73,28.33,0.4,1.4119,82631.08,235636.368,1.005,28.712857995226727,28.27312052505966,28.902744630071595,27.85337112171837
688709.SH,20250221,28.8,30.08,28.2,29.75,28.73,1.02,3.5503,157059.08,460904.819,1.005,29.732249403341285,28.782816229116943,30.06205250596658,28.18317422434367
688709.SH,20250224,29.63,30.6,28.9,29.96,29.75,0.21,0.7059,139824.19,416787.548,1.005,29.942124105011928,29.61232100238663,30.58174224343675,28.882756563245817
688709.SH,20250225,29.0,30.47,28.95,29.64,29.96,-0.32,-1.0681,107198.41,319408.885,1.005,29.62231503579952,28.98269689737469,30.451819809069207,28.932726730310257
688709.SH,20250226,30.05,35.57,29.35,35.57,29.64,5.93,20.0067,339144.99,1126514.984,1.005,35.548776849642,30.03207040572792,35.548776849642,29.33248806682577
688709.SH,20250227,36.95,36.97,33.4,36.31,35.57,0.74,2.0804,291488.82,1016301.886,1.005,36.2883353221957,36.92795346062052,36.9479415274463,33.38007159904534
688709.SH,20250228,34.99,35.88,33.3,33.87,36.31,-2.44,-6.7199,186829.76,641747.896,1.005,33.849791169451066,34.969122911694505,35.85859188544152,33.28013126491646
688709.SH,20250303,33.48,34.26,31.88,33.0,33.87,-0.87,-2.5686,136809.5,452668.799,1.005,32.980310262529834,33.46002386634844,34.23955847255369,31.860978520286388
688709.SH,20250304,32.67,36.95,32.21,36.29,33.0,3.29,9.9697,192593.72,675680.495,1.005,36.268347255369925,32.65050715990453,36.92795346062052,32.19078162291169
688709.SH,20250305,35.5,36.51,34.65,35.57,36.29,-0.72,-1.984,140265.15,498001.03,1.005,35.548776849642,35.478818615751784,36.488215990453455,34.62932577565632
688709.SH,20250306,35.8,36.98,35.2,35.75,35.57,0.18,0.506,138601.45,498422.917,1.005,35.728669451073976,35.77863961813841,36.957935560859184,35.17899761336515
688709.SH,20250307,35.5,38.51,35.12,36.66,35.75,0.91,2.5455,164398.59,609907.445,1.005,36.638126491646766,35.478818615751784,38.48702267303102,35.09904534606204
688709.SH,20250310,37.05,38.39,36.55,37.7,36.66,1.04,2.8369,127661.98,479899.165,1.005,37.67750596658711,37.0278937947494,38.36709427207637,36.52819212410501
688709.SH,20250311,36.68,39.0,35.91,38.78,37.7,1.08,2.8647,113252.35,420633.332,1.005,38.756861575179,36.65811455847255,38.97673031026252,35.88857398568018
688709.SH,20250312,40.0,41.56,37.5,37.52,38.78,-1.26,-3.2491,152000.66,600684.811,1.005,37.49761336515513,39.97613365155131,41.53520286396181,37.47762529832934
688709.SH,20250313,37.06,37.93,36.6,37.39,37.52,-0.13,-0.3465,76771.3,285454.065,1.005,37.36769093078758,37.03788782816229,37.90736873508352,36.57816229116944
688709.SH,20250314,37.32,37.76,36.55,36.65,37.39,-0.74,-1.9791,85781.96,316707.724,1.005,36.62813245823388,37.29773269689737,37.73747016706443,36.52819212410501
688709.SH,20250317,36.66,37.0,35.01,36.76,36.65,0.11,0.3001,51542.09,186693.819,1.005,36.73806682577565,36.638126491646766,36.97792362768496,34.98911097852028
688709.SH,20250318,36.69,38.05,36.46,36.48,36.76,-0.28,-0.7617,56974.04,212360.405,1.005,36.45823389021479,36.66810859188543,38.02729713603818,36.43824582338902
688709.SH,20250319,36.11,36.99,34.96,36.8,36.48,0.32,0.8772,95808.15,344030.773,1.005,36.7780429594272,36.08845465393794,36.96792959427207,34.93914081145584
688709.SH,20250320,36.42,38.39,36.25,36.79,36.8,-0.01,-0.0272,82508.07,308776.665,1.005,36.76804892601432,36.39826968973747,38.36709427207637,36.228371121718375
688709.SH,20250321,36.2,36.93,35.55,35.55,36.79,-1.24,-3.3705,57877.52,209312.353,1.005,35.52878878281622,36.17840095465394,36.90796539379475,35.52878878281622
688709.SH,20250324,35.59,35.6,32.5,33.8,35.55,-1.75,-4.9226,76432.89,257586.48,1.005,33.779832935560854,35.56876491646778,35.578758949880665,32.480608591885435
688709.SH,20250325,33.68,34.65,33.35,33.88,33.8,0.08,0.2367,48710.8,165579.053,1.005,33.85978520286396,33.6599045346062,34.62932577565632,33.3301014319809
688709.SH,20250326,33.55,34.27,33.05,33.18,33.88,-0.7,-2.0661,40351.05,135428.063,1.005,33.16020286396181,33.529982100238655,34.249552505966584,33.030280429594264
688709.SH,20250327,33.17,34.79,33.05,33.45,33.18,0.27,0.8137,48120.21,163131.112,1.005,33.43004176610978,33.15020883054893,34.76924224343675,33.030280429594264
688709.SH,20250328,33.1,33.9,32.6,32.9,33.45,-0.55,-1.6442,36689.26,121226.401,1.005,32.880369928400945,33.08025059665871,33.879773269689736,32.58054892601432
688709.SH,20250331,32.39,32.89,31.86,32.58,32.9,-0.32,-0.9726,41451.22,134030.627,1.005,32.560560859188534,32.370674224343674,32.87037589498806,31.840990453460613
688709.SH,20250401,32.57,33.86,32.22,33.22,32.58,0.64,1.9644,42244.44,140951.526,1.005,33.20017899761336,32.550566825775654,33.839797136038186,32.20077565632458
688709.SH,20250402,33.15,33.57,32.78,32.92,33.22,-0.3,-0.9031,28023.98,92837.793,1.005,32.90035799522672,33.130220763723145,33.54997016706443,32.7604415274463
688709.SH,20250403,32.61,33.35,32.33,33.0,32.92,0.08,0.243,27579.52,90911.793,1.005,32.980310262529834,32.590542959427204,33.3301014319809,32.31071002386634
688709.SH,20250407,30.3,32.03,26.51,27.36,33.0,-5.64,-17.0909,81853.64,238260.422,1.005,27.343675417661093,30.28192124105012,32.010889021479706,26.49418257756563
688709.SH,20250408,27.57,29.4,27.57,28.36,27.36,1.0,3.655,68322.59,194958.748,1.005,28.34307875894988,27.55355011933174,29.38245823389021,27.55355011933174
688709.SH,20250409,27.99,31.39,27.37,30.77,28.36,2.41,8.4979,88552.97,265924.922,1.005,30.751640811455843,27.973299522673024,31.37127088305489,27.35366945107398
688709.SH,20250410,32.0,32.5,31.29,31.63,30.77,0.86,2.7949,69261.98,220353.065,1.005,31.611127684964192,31.980906921241044,32.480608591885435,31.27133054892601
688709.SH,20250411,31.64,34.33,31.28,33.48,31.63,1.85,5.8489,90272.4,298467.045,1.005,33.46002386634844,31.621121718377086,34.30951670644391,31.26133651551313
688709.SH,20250414,33.98,33.98,32.99,33.04,33.48,-0.44,-1.3142,53543.89,178532.531,1.005,33.02028639618138,33.959725536992835,33.959725536992835,32.970316229116946
688709.SH,20250415,32.8,33.5,32.21,32.74,33.04,-0.3,-0.908,41860.81,136697.95,1.005,32.72046539379475,32.780429594272064,33.48001193317422,32.19078162291169
688709.SH,20250416,32.69,33.0,31.5,31.87,32.74,-0.87,-2.6573,39245.7,126159.87,1.005,31.850984486873507,32.6704952267303,32.980310262529834,31.48120525059665
688709.SH,20250417,31.8,33.6,31.59,32.38,31.87,0.51,1.6003,56728.49,186285.419,1.005,32.360680190930786,31.78102625298329,33.5799522673031,31.57115155131264
688709.SH,20250418,32.38,32.66,31.7,31.94,32.38,-0.44,-1.3589,24467.19,78149.061,1.005,31.92094272076372,32.360680190930786,32.64051312649164,31.68108591885441
688709.SH,20250421,31.8,33.06,31.8,32.88,31.94,0.94,2.943,35566.92,116036.339,1.005,32.86038186157517,31.78102625298329,33.04027446300716,31.78102625298329
688709.SH,20250422,32.8,33.2,32.56,32.89,32.88,0.01,0.0304,37602.85,123880.68,1.005,32.87037589498806,32.780429594272064,33.18019093078759,32.54057279236277
688709.SH,20250423,33.2,33.25,32.47,32.91,32.89,0.02,0.0608,32169.9,105398.91,1.005,32.89036396181383,33.18019093078759,33.230161097852026,32.45062649164677
688709.SH,20250424,33.12,33.2,31.92,32.21,32.91,-0.7,-2.127,28683.59,92832.357,1.005,32.19078162291169,33.10023866348448,33.18019093078759,31.900954653937944
688709.SH,20250425,32.6,32.6,31.97,32.05,32.21,-0.16,-0.4967,23344.72,75171.434,1.005,32.03087708830548,32.58054892601432,32.58054892601432,31.95092482100238
688709.SH,20250428,32.0,32.79,31.45,32.22,32.05,0.17,0.5304,25583.15,82184.683,1.005,32.20077565632458,31.980906921241044,32.770435560859184,31.43123508353221
688709.SH,20250429,32.2,32.27,31.26,31.65,32.22,-0.57,-1.7691,35185.28,111497.911,1.005,31.63111575178997,32.1807875894988,32.250745823389025,31.24134844868735
688709.SH,20250430,31.58,33.43,31.19,32.82,31.65,1.17,3.6967,61659.71,201731.493,1.005,32.800417661097846,31.561157517899755,33.410053699284006,31.17139021479713
688709.SH,20250506,33.16,34.65,33.06,34.04,32.82,1.22,3.7172,67670.3,229584.826,1.005,34.01968973747016,33.14021479713603,34.62932577565632,33.04027446300716
688709.SH,20250507,34.65,35.32,34.4,34.67,34.04,0.63,1.8508,65838.65,228839.694,1.005,34.6493138424821,34.62932577565632,35.298926014319804,34.37947494033412
688709.SH,20250508,34.75,35.12,34.3,34.7,34.67,0.03,0.0865,43677.52,150856.743,1.005,34.67929594272076,34.7292661097852,35.09904534606204,34.27953460620524
688709.SH,20250509,34.5,34.65,33.33,33.33,34.7,-1.37,-3.9481,36591.3,123218.264,1.005,33.310113365155125,34.47941527446301,34.62932577565632,33.310113365155125
688709.SH,20250512,33.57,35.68,33.5,34.35,33.33,1.02,3.0603,75489.02,262062.511,1.005,34.32950477326968,33.54997016706443,35.658711217183765,33.48001193317422
688709.SH,20250513,34.68,35.1,33.9,34.44,34.35,0.09,0.262,52472.98,180799.703,1.005,34.41945107398567,34.65930787589498,35.079057279236274,33.879773269689736
688709.SH,20250514,34.4,34.56,33.66,34.19,34.44,-0.25,-0.7259,40485.13,137568.958,1.005,34.16960023866348,34.37947494033412,34.53937947494033,33.63991646778042
688709.SH,20250515,33.95,34.13,32.85,32.86,34.19,-1.33,-3.89,31940.05,106031.768,1.005,32.8403937947494,33.92974343675417,34.10963603818615,32.83039976133651
688709.SH,20250516,32.98,33.22,32.6,32.88,32.86,0.02,0.0609,32835.99,107897.744,1.005,32.86038186157517,32.96032219570405,33.20017899761336,32.58054892601432
688709.SH,20250519,32.78,33.13,32.22,32.52,32.88,-0.36,-1.0949,30210.6,98563.351,1.005,32.50059665871122,32.7604415274463,33.11023269689738,32.20077565632458
688709.SH,20250520,32.52,32.75,32.1,32.34,32.52,-0.18,-0.5535,23615.61,76369.318,1.005,32.32070405727924,32.50059665871122,32.73045942720763,32.080847255369925
688709.SH,20250521,32.38,32.56,31.9,32.53,32.34,0.19,0.5875,23509.87,75946.927,1.005,32.510590692124104,32.360680190930786,32.54057279236277,31.88096658711216
688709.SH,20250522,32.55,33.24,32.2,32.69,32.53,0.16,0.4919,37704.38,123589.714,1.005,32.6704952267303,32.53057875894987,33.22016706443914,32.1807875894988
688709.SH,20250523,32.6,32.78,31.01,31.01,32.69,-1.68,-5.1392,48936.15,154674.706,1.005,30.99149761336515,32.58054892601432,32.7604415274463,30.99149761336515
688709.SH,20250526,31.01,31.49,31.01,31.47,31.01,0.46,1.4834,19582.96,61174.74,1.005,31.45122315035799,30.99149761336515,31.471211217183765,30.99149761336515
688709.SH,20250527,31.51,31.69,31.09,31.21,31.47,-0.26,-0.8262,14580.55,45592.285,1.005,31.191378281622907,31.491199284009543,31.671091885441523,31.07144988066825
688709.SH,20250528,31.35,31.45,30.5,30.96,31.21,-0.25,-0.801,27206.13,83930.626,1.005,30.941527446300714,31.331294749403337,31.43123508353221,30.481801909307872
688709.SH,20250529,30.95,31.75,30.87,31.5,30.96,0.54,1.7442,24848.25,78117.826,1.005,31.48120525059665,30.931533412887823,31.73105608591885,30.85158114558472
688709.SH,20250530,31.49,32.17,30.8,31.91,31.5,0.41,1.3016,33347.25,105496.718,1.005,31.890960620525057,31.471211217183765,32.15080548926014,30.781622911694505
688709.SH,20250603,32.3,32.99,31.56,32.08,31.91,0.17,0.5327,52041.57,168171.293,1.005,32.06085918854414,32.28072792362768,32.970316229116946,31.54116945107398
688709.SH,20250604,32.6,32.6,31.41,32.15,32.08,0.07,0.2182,34198.61,109273.007,1.005,32.130817422434355,32.58054892601432,32.58054892601432,31.391258949880665
688709.SH,20250605,32.24,32.59,31.68,32.4,32.15,0.25,0.7776,32767.76,105741.225,1.005,32.38066825775656,32.220763723150355,32.57055489260143,31.66109785202864
688709.SH,20250606,32.54,32.99,32.09,32.85,32.4,0.45,1.3889,29946.96,97503.023,1.005,32.83039976133651,32.520584725536985,32.970316229116946,32.07085322195704
688709.SH,20250609,32.67,33.29,32.5,32.7,32.85,-0.15,-0.4566,29515.34,96967.146,1.005,32.6804892601432,32.65050715990453,33.270137231503575,32.480608591885435
688709.SH,20250610,32.66,32.99,31.6,32.04,32.7,-0.66,-2.0183,30393.29,97773.267,1.005,32.02088305489259,32.64051312649164,32.970316229116946,31.581145584725533
688709.SH,20250611,33.79,34.83,32.98,33.76,32.04,1.72,5.3683,92405.67,312078.029,1.005,33.739856801909305,33.76983890214797,34.8092183770883,32.96032219570405
688709.SH,20250612,33.64,34.07,33.06,33.49,33.76,-0.27,-0.7998,67140.83,225952.97,1.005,33.47001789976133,33.61992840095465,34.04967183770883,33.04027446300716
688709.SH,20250613,33.0,34.68,32.88,33.65,33.49,0.16,0.4778,154172.66,523117.03,1.005,33.62992243436753,32.980310262529834,34.65930787589498,32.86038186157517
688709.SH,20250616,33.51,34.5,33.51,33.66,33.65,0.01,0.0297,44533.69,151275.502,1.005,33.63991646778042,33.490005966587105,34.47941527446301,33.490005966587105
688709.SH,20250617,34.01,34.88,33.68,34.2,33.66,0.54,1.6043,45015.81,154336.894,1.005,34.17959427207637,33.9897076372315,34.859188544152744,33.6599045346062
688709.SH,20250618,33.8,34.12,33.36,33.52,34.2,-0.68,-1.9883,38985.54,131273.046,1.005,33.49999999999999,33.779832935560854,34.09964200477326,33.34009546539379
688709.SH,20250619,33.42,33.68,32.51,32.76,33.52,-0.76,-2.2673,35801.84,118054.563,1.005,32.740453460620515,33.40005966587112,33.6599045346062,32.49060262529832
688709.SH,20250620,32.6,33.02,31.83,31.88,32.76,-0.88,-2.6862,29219.26,94569.177,1.005,31.860978520286388,32.58054892601432,33.00029832935561,31.81100835322195
688709.SH,20250623,31.87,32.3,31.59,31.89,31.88,0.01,0.0314,29598.68,94612.259,1.005,31.87097255369928,31.850984486873507,32.28072792362768,31.57115155131264
688709.SH,20250624,31.96,32.49,31.82,32.45,31.89,0.56,1.756,35318.81,113992.063,1.005,32.430638424821,31.94093078758949,32.470614558472555,31.801014319809063
688709.SH,20250625,32.41,33.12,32.15,33.12,32.45,0.67,2.0647,48444.09,158150.052,1.005,33.10023866348448,32.39066229116944,33.10023866348448,32.130817422434355
688709.SH,20250626,33.08,33.3,32.53,32.53,33.12,-0.59,-1.7814,39677.26,130596.78,1.005,32.510590692124104,33.06026252983293,33.28013126491646,32.510590692124104
688709.SH,20250627,32.67,32.99,32.37,32.39,32.53,-0.14,-0.4304,34716.66,113407.951,1.005,32.370674224343674,32.65050715990453,32.970316229116946,32.35068615751789
688709.SH,20250630,32.69,33.27,32.68,32.74,32.39,0.35,1.0806,43824.45,144213.018,1.005,32.72046539379475,32.6704952267303,33.2501491646778,32.660501193317415
688709.SH,20250701,32.9,33.79,32.5,32.77,32.74,0.03,0.0916,65656.51,218182.377,1.005,32.75044749403341,32.880369928400945,33.76983890214797,32.480608591885435
688709.SH,20250702,32.54,32.69,31.62,31.7,32.77,-1.07,-3.2652,48174.67,153534.149,1.005,31.68108591885441,32.520584725536985,32.6704952267303,31.601133651551308
688709.SH,20250703,31.69,32.0,31.53,31.79,31.7,0.09,0.2839,22367.52,71051.719,1.005,31.7710322195704,31.671091885441523,31.980906921241044,31.51118735083532
688709.SH,20250704,31.8,32.06,31.41,31.6,31.79,-0.19,-0.5977,25546.04,81055.319,1.005,31.581145584725533,31.78102625298329,32.040871121718375,31.391258949880665
688709.SH,20250707,31.7,31.7,31.23,31.27,31.6,-0.33,-1.0443,16666.01,52257.015,1.005,31.251342482100235,31.68108591885441,31.68108591885441,31.21136634844868
688709.SH,20250708,31.31,31.77,31.28,31.71,31.27,0.44,1.4071,18963.13,59890.2,1.005,31.6910799522673,31.291318615751784,31.751044152744623,31.26133651551313
688709.SH,20250709,31.69,31.79,31.25,31.33,31.71,-0.38,-1.1984,21327.05,67220.431,1.005,31.31130668257756,31.671091885441523,31.7710322195704,31.231354415274456
688709.SH,20250710,31.33,31.48,31.08,31.13,31.33,-0.2,-0.6384,19525.42,61003.544,1.005,31.111426014319804,31.31130668257756,31.46121718377088,31.061455847255363
688709.SH,20250711,31.08,31.66,30.92,31.52,31.13,0.39,1.2528,25498.24,80035.422,1.005,31.501193317422427,31.061455847255363,31.64110978520286,30.90155131264916
688709.SH,20250714,31.58,31.79,31.36,31.48,31.52,-0.04,-0.1269,15786.91,49814.248,1.005,31.46121718377088,31.561157517899755,31.7710322195704,31.341288782816225
688709.SH,20250715,31.52,31.72,30.91,31.18,31.48,-0.3,-0.953,24204.71,75627.217,1.005,31.16139618138424,31.501193317422427,31.701073985680186,30.89155727923628
688709.SH,20250716,31.17,31.65,31.11,31.19,31.18,0.01,0.0321,18600.73,58360.72,1.005,31.17139021479713,31.15140214797136,31.63111575178997,31.09143794749403
688709.SH,20250717,31.2,31.51,31.01,31.48,31.19,0.29,0.9298,21303.37,66657.53,1.005,31.46121718377088,31.181384248210016,31.491199284009543,30.99149761336515
688709.SH,20250718,31.38,31.7,31.33,31.47,31.46,0.01,0.0318,16594.29,52240.258,1.0056,31.47,31.38,31.7,31.33
688709.SH,20250721,31.36,31.64,31.36,31.5,31.47,0.03,0.0953,17503.19,55174.084,1.0056,31.5,31.36,31.64,31.36
688709.SH,20250722,31.47,31.81,31.35,31.55,31.5,0.05,0.1587,30418.53,96033.992,1.0056,31.55,31.47,31.81,31.35
688709.SH,20250723,31.49,33.5,31.35,32.94,31.55,1.39,4.4057,90565.29,297743.122,1.0056,32.94,31.49,33.5,31.35
688709.SH,20250724,32.95,33.83,32.7,33.29,32.94,0.35,1.0625,56613.8,187823.087,1.0056,33.29,32.95,33.83,32.7
688709.SH,20250725,33.2,33.44,32.82,33.32,33.29,0.03,0.0901,39170.1,129636.132,1.0056,33.32,33.2,33.44,32.82
688709.SH,20250728,33.56,33.56,33.01,33.06,33.32,-0.26,-0.7803,30133.77,100099.107,1.0056,33.06,33.56,33.56,33.01
688709.SH,20250729,33.01,33.58,32.71,33.32,33.06,0.26,0.7864,39322.88,130380.88,1.0056,33.32,33.01,33.58,32.71
688709.SH,20250730,33.2,33.55,32.53,32.91,33.32,-0.41,-1.2305,34974.92,115673.961,1.0056,32.91,33.2,33.55,32.53
688709.SH,20250731,32.7,33.42,32.24,32.42,32.91,-0.49,-1.4889,42695.55,139974.015,1.0056,32.42,32.7,33.42,32.24
688709.SH,20250801,32.81,33.31,31.91,32.18,32.42,-0.24,-0.7403,37962.29,123221.478,1.0056,32.18,32.81,33.31,31.91
688709.SH,20250804,32.01,32.65,31.87,32.65,32.18,0.47,1.4605,24790.19,80278.791,1.0056,32.65,32.01,32.65,31.87
688709.SH,20250805,32.7,33.48,32.51,33.0,32.65,0.35,1.072,52270.88,173173.181,1.0056,33.0,32.7,33.48,32.51
688709.SH,20250806,33.02,34.54,32.85,34.16,33.0,1.16,3.5152,74923.92,252649.244,1.0056,34.16,33.02,34.54,32.85
688709.SH,20250807,34.16,34.46,33.53,33.95,34.16,-0.21,-0.6148,53200.45,180451.042,1.0056,33.95,34.16,34.46,33.53
688709.SH,20250808,34.9,34.95,33.36,33.36,33.95,-0.59,-1.7378,73981.25,252086.903,1.0056,33.36,34.9,34.95,33.36
688709.SH,20250811,33.03,33.8,33.01,33.35,33.36,-0.01,-0.03,47240.89,157895.665,1.0056,33.35,33.03,33.8,33.01
688709.SH,20250812,34.85,35.56,34.1,34.96,33.35,1.61,4.8276,120802.96,420527.123,1.0056,34.96,34.85,35.56,34.1
688709.SH,20250813,34.79,35.15,34.29,34.54,34.96,-0.42,-1.2014,74320.52,257002.084,1.0056,34.54,34.79,35.15,34.29
688709.SH,20250814,34.9,35.07,33.8,34.01,34.54,-0.53,-1.5345,74807.99,257624.601,1.0056,34.01,34.9,35.07,33.8
688709.SH,20250815,33.81,34.72,33.81,34.53,34.01,0.52,1.529,63535.49,218190.973,1.0056,34.53,33.81,34.72,33.81
688709.SH,20250818,34.44,35.22,34.14,34.69,34.53,0.16,0.4634,98191.27,341684.079,1.0056,34.69,34.44,35.22,34.14
688709.SH,20250819,34.69,36.4,33.99,35.81,34.69,1.12,3.2286,105853.21,370792.1,1.0056,35.81,34.69,36.4,33.99
688709.SH,20250820,36.96,41.9,35.87,40.33,35.81,4.52,12.6222,207605.56,798304.638,1.0056,40.33,36.96,41.9,35.87
688709.SH,20250821,39.53,42.96,38.42,39.2,40.33,-1.13,-2.8019,217131.83,875232.026,1.0056,39.2,39.53,42.96,38.42
688709.SH,20250822,38.81,47.04,38.75,47.04,39.2,7.84,20.0,275921.74,1174423.195,1.0056,47.04,38.81,47.04,38.75
688709.SH,20250825,49.0,49.99,45.0,47.49,47.04,0.45,0.9566,303230.17,1438519.487,1.0056,47.49,49.0,49.99,45.0
688709.SH,20250826,45.9,46.0,44.04,45.1,47.49,-2.39,-5.0326,167916.49,756053.682,1.0056,45.1,45.9,46.0,44.04
688709.SH,20250827,44.76,48.01,44.67,45.06,45.1,-0.04,-0.0887,172261.12,795338.06,1.0056,45.06,44.76,48.01,44.67
688709.SH,20250828,44.21,46.18,43.2,45.88,45.06,0.82,1.8198,152502.88,685201.038,1.0056,45.88,44.21,46.18,43.2
688709.SH,20250829,45.5,45.51,42.43,43.51,45.88,-2.37,-5.1656,135814.78,591313.505,1.0056,43.51,45.5,45.51,42.43
688709.SH,20250901,43.77,46.6,43.4,46.02,43.51,2.51,5.7688,142543.87,642297.874,1.0056,46.02,43.77,46.6,43.4
688709.SH,20250902,53.0,54.29,48.8,49.49,46.02,3.47,7.5402,330936.17,1702233.465,1.0056,49.49,53.0,54.29,48.8
688709.SH,20250903,51.2,59.39,48.0,56.9,49.49,7.41,14.9727,380169.85,2076868.349,1.0056,56.9,51.2,59.39,48.0
688709.SH,20250904,55.0,57.5,49.6,51.2,56.9,-5.7,-10.0176,298244.65,1579400.135,1.0056,51.2,55.0,57.5,49.6
688709.SH,20250905,51.23,53.64,49.05,52.12,51.2,0.92,1.7969,239763.36,1234858.155,1.0056,52.12,51.23,53.64,49.05
688709.SH,20250908,50.88,51.0,46.7,48.0,52.12,-4.12,-7.9048,215769.87,1044050.344,1.0056,48.0,50.88,51.0,46.7
688709.SH,20250909,48.01,49.5,46.65,46.68,48.0,-1.32,-2.75,140272.72,674021.281,1.0056,46.68,48.01,49.5,46.65
688709.SH,20250910,46.08,48.5,45.89,47.51,46.68,0.83,1.7781,134585.02,633661.021,1.0056,47.51,46.08,48.5,45.89
688709.SH,20250911,47.0,50.38,46.03,49.14,47.51,1.63,3.4309,181233.71,884428.986,1.0056,49.14,47.0,50.38,46.03
688709.SH,20250912,48.89,50.63,48.5,48.89,49.14,-0.25,-0.5088,160176.98,794481.309,1.0056,48.89,48.89,50.63,48.5
688709.SH,20250915,51.1,51.8,48.89,49.01,48.89,0.12,0.2454,126563.95,630214.346,1.0056,49.01,51.1,51.8,48.89
688709.SH,20250916,48.4,49.41,47.51,48.52,49.01,-0.49,-0.9998,105679.14,510978.836,1.0056,48.52,48.4,49.41,47.51
688709.SH,20250917,48.21,50.3,47.8,49.45,48.52,0.93,1.9167,106252.81,523735.02,1.0056,49.45,48.21,50.3,47.8
688709.SH,20250918,49.45,51.76,48.16,49.01,49.45,-0.44,-0.8898,173805.44,872186.971,1.0056,49.01,49.45,51.76,48.16
688709.SH,20250919,48.17,48.94,46.14,46.16,49.01,-2.85,-5.8151,133141.29,630632.748,1.0056,46.16,48.17,48.94,46.14
688709.SH,20250922,46.16,47.95,46.03,47.23,46.16,1.07,2.318,109294.3,513939.935,1.0056,47.23,46.16,47.95,46.03
688709.SH,20250923,47.4,47.75,44.7,46.29,47.23,-0.94,-1.9903,107505.18,492168.645,1.0056,46.29,47.4,47.75,44.7
688709.SH,20250924,45.81,49.32,45.69,48.55,46.29,2.26,4.8823,136793.25,654187.062,1.0056,48.55,45.81,49.32,45.69
688709.SH,20250925,48.56,48.96,47.56,47.68,48.55,-0.87,-1.792,90395.07,435423.916,1.0056,47.68,48.56,48.96,47.56
688709.SH,20250926,47.5,48.23,46.4,46.4,47.68,-1.28,-2.6846,78921.39,373701.002,1.0056,46.4,47.5,48.23,46.4
688709.SH,20250929,46.09,46.9,45.61,46.51,46.4,0.11,0.2371,65350.02,302610.892,1.0056,46.51,46.09,46.9,45.61
688709.SH,20250930,46.74,48.3,46.64,48.0,46.51,1.49,3.2036,86793.64,414130.27,1.0056,48.0,46.74,48.3,46.64
688709.SH,20251009,48.47,50.2,47.75,48.7,48.0,0.7,1.4583,136053.89,667864.451,1.0056,48.7,48.47,50.2,47.75
688709.SH,20251010,47.45,47.92,44.98,45.5,48.7,-3.2,-6.5708,114468.03,528505.843,1.0056,45.5,47.45,47.92,44.98
688709.SH,20251013,43.0,46.63,43.0,46.47,45.5,0.97,2.1319,81562.92,371821.689,1.0056,46.47,43.0,46.63,43.0
688709.SH,20251014,46.47,49.38,46.25,47.02,46.47,0.55,1.1836,108808.94,517290.604,1.0056,47.02,46.47,49.38,46.25
688709.SH,20251015,48.24,51.46,46.1,50.91,47.02,3.89,8.2731,192800.83,945703.33,1.0056,50.91,48.24,51.46,46.1
688709.SH,20251016,50.58,50.58,48.62,49.0,50.91,-1.91,-3.7517,121718.57,601753.597,1.0056,49.0,50.58,50.58,48.62
688709.SH,20251017,49.0,49.35,45.0,45.25,49.0,-3.75,-7.6531,116549.95,543076.364,1.0056,45.25,49.0,49.35,45.0
688709.SH,20251020,46.1,46.76,45.12,45.15,45.25,-0.1,-0.221,62419.03,286790.27,1.0056,45.15,46.1,46.76,45.12
688709.SH,20251021,45.44,45.88,44.8,45.01,45.15,-0.14,-0.3101,62737.64,284408.319,1.0056,45.01,45.44,45.88,44.8
688709.SH,20251022,44.65,45.25,44.0,44.42,45.01,-0.59,-1.3108,59531.43,265318.252,1.0056,44.42,44.65,45.25,44.0
688709.SH,20251023,44.42,44.47,42.93,43.72,44.42,-0.7,-1.5759,49751.46,215940.967,1.0056,43.72,44.42,44.47,42.93
688709.SH,20251024,44.02,46.1,44.02,45.78,43.72,2.06,4.7118,73850.81,334788.792,1.0056,45.78,44.02,46.1,44.02
688709.SH,20251027,46.3,47.18,45.35,46.16,45.78,0.38,0.8301,67476.7,311838.868,1.0056,46.16,46.3,47.18,45.35
688709.SH,20251028,46.2,46.78,45.68,45.99,46.16,-0.17,-0.3683,53381.57,246399.858,1.0056,45.99,46.2,46.78,45.68
688709.SH,20251029,45.61,46.93,45.61,46.78,45.99,0.79,1.7178,57236.34,266453.668,1.0056,46.78,45.61,46.93,45.61
688709.SH,20251030,46.58,47.08,45.05,45.11,46.78,-1.67,-3.5699,61658.85,282612.765,1.0056,45.11,46.58,47.08,45.05
688709.SH,20251031,44.88,45.15,43.7,43.99,45.11,-1.12,-2.4828,64829.27,287315.319,1.0056,43.99,44.88,45.15,43.7
688709.SH,20251103,43.88,43.97,41.73,42.39,43.99,-1.6,-3.6372,63858.28,271371.0,1.0056,42.39,43.88,43.97,41.73
688709.SH,20251104,42.39,42.59,40.6,41.05,42.39,-1.34,-3.1611,52890.21,218697.861,1.0056,41.05,42.39,42.59,40.6
688709.SH,20251105,40.5,41.08,40.03,40.88,41.05,-0.17,-0.4141,39487.34,160469.946,1.0056,40.88,40.5,41.08,40.03
688709.SH,20251106,41.29,42.1,41.0,41.67,40.88,0.79,1.9325,47157.56,196148.068,1.0056,41.67,41.29,42.1,41.0
688709.SH,20251107,41.37,41.87,40.81,41.38,41.67,-0.29,-0.6959,32396.15,133931.672,1.0056,41.38,41.37,41.87,40.81
688709.SH,20251110,41.58,42.89,41.39,41.75,41.38,0.37,0.8942,41395.03,173948.105,1.0056,41.75,41.58,42.89,41.39
688709.SH,20251111,41.77,42.39,40.95,41.05,41.75,-0.7,-1.6766,38199.22,158535.591,1.0056,41.05,41.77,42.39,40.95
688709.SH,20251112,40.63,42.18,40.3,41.4,41.05,0.35,0.8526,52260.26,217180.508,1.0056,41.4,40.63,42.18,40.3
688709.SH,20251113,41.44,41.88,41.16,41.61,41.4,0.21,0.5072,34377.7,142857.579,1.0056,41.61,41.44,41.88,41.16
688709.SH,20251114,41.0,41.6,40.53,40.54,41.61,-1.07,-2.5715,38163.3,156362.553,1.0056,40.54,41.0,41.6,40.53
688709.SH,20251117,40.69,40.95,39.94,40.1,40.54,-0.44,-1.0853,33951.5,136671.909,1.0056,40.1,40.69,40.95,39.94
688709.SH,20251118,37.8,38.92,37.08,38.38,40.1,-1.72,-4.2893,82772.94,317484.916,1.0056,38.38,37.8,38.92,37.08
688709.SH,20251119,38.53,39.06,37.76,37.78,38.38,-0.6,-1.5633,59617.04,228716.56,1.0056,37.78,38.53,39.06,37.76
688709.SH,20251120,38.28,38.78,37.16,37.18,37.78,-0.6,-1.5881,39214.82,147208.823,1.0056,37.18,38.28,38.78,37.16
688709.SH,20251121,36.66,37.55,35.73,35.8,37.18,-1.38,-3.7117,50549.54,183468.206,1.0056,35.8,36.66,37.55,35.73
688709.SH,20251124,36.03,37.33,35.95,37.08,35.8,1.28,3.5754,54143.02,198934.243,1.0056,37.08,36.03,37.33,35.95
688709.SH,20251125,37.45,38.1,37.17,37.39,37.08,0.31,0.836,45366.09,170602.869,1.0056,37.39,37.45,38.1,37.17
688709.SH,20251126,37.39,37.75,37.12,37.32,37.39,-0.07,-0.1872,30054.44,112636.63,1.0056,37.32,37.39,37.75,37.12
688709.SH,20251127,37.16,38.48,37.15,37.59,37.32,0.27,0.7235,38431.35,145933.535,1.0056,37.59,37.16,38.48,37.15
688709.SH,20251128,37.29,38.4,37.29,38.17,37.59,0.58,1.543,31249.68,118440.331,1.0056,38.17,37.29,38.4,37.29
688709.SH,20251201,38.21,38.59,37.75,38.53,38.17,0.36,0.9431,45396.22,173447.477,1.0056,38.53,38.21,38.59,37.75
688709.SH,20251202,38.42,38.42,37.4,37.5,38.53,-1.03,-2.6732,33377.75,125983.93,1.0056,37.5,38.42,38.42,37.4
688709.SH,20251203,39.37,39.95,37.9,38.2,37.5,0.7,1.8667,89545.92,345226.705,1.0056,38.2,39.37,39.95,37.9
688709.SH,20251204,38.2,38.39,37.25,38.08,38.2,-0.12,-0.3141,53593.05,202242.319,1.0056,38.08,38.2,38.39,37.25
688709.SH,20251205,37.91,38.51,37.24,38.46,38.08,0.38,0.9979,45250.36,171557.316,1.0056,38.46,37.91,38.51,37.24
688709.SH,20251208,38.5,40.68,38.16,40.09,38.46,1.63,4.2382,87522.74,347479.661,1.0056,40.09,38.5,40.68,38.16
688709.SH,20251209,39.71,41.93,39.54,39.95,40.09,-0.14,-0.3492,73228.05,298370.357,1.0056,39.95,39.71,41.93,39.54
688709.SH,20251210,40.0,40.09,38.7,39.6,39.95,-0.35,-0.8761,52568.65,206834.304,1.0056,39.6,40.0,40.09,38.7
688709.SH,20251211,39.83,40.25,39.28,39.47,39.6,-0.13,-0.3283,50942.05,202433.303,1.0056,39.47,39.83,40.25,39.28
688709.SH,20251212,39.5,42.18,38.93,42.16,39.47,2.69,6.8153,155385.6,633306.425,1.0056,42.16,39.5,42.18,38.93
688709.SH,20251215,41.32,41.4,38.99,39.18,42.16,-2.98,-7.0683,107668.54,431375.987,1.0056,39.18,41.32,41.4,38.99
688709.SH,20251216,38.88,39.5,38.18,38.36,39.18,-0.82,-2.0929,72286.64,279957.396,1.0056,38.36,38.88,39.5,38.18
688709.SH,20251217,38.38,38.68,37.3,38.3,38.36,-0.06,-0.1564,61438.92,232708.744,1.0056,38.3,38.38,38.68,37.3
688709.SH,20251218,37.95,42.5,37.81,41.03,38.3,2.73,7.1279,154801.63,630761.349,1.0056,41.03,37.95,42.5,37.81
688709.SH,20251219,40.92,41.29,39.28,39.44,41.03,-1.59,-3.8752,104106.52,417058.965,1.0056,39.44,40.92,41.29,39.28
688709.SH,20251222,39.98,42.8,39.88,41.47,39.44,2.03,5.1471,122489.75,511043.991,1.0056,41.47,39.98,42.8,39.88
688709.SH,20251223,41.5,45.0,41.5,42.87,41.47,1.4,3.3759,152644.81,663814.009,1.0056,42.87,41.5,45.0,41.5
688709.SH,20251224,42.71,44.28,42.45,43.04,42.87,0.17,0.3965,121063.9,523031.664,1.0056,43.04,42.71,44.28,42.45
688709.SH,20251225,43.1,49.49,43.1,48.5,43.04,5.46,12.6859,231962.4,1081995.178,1.0056,48.5,43.1,49.49,43.1
688709.SH,20251226,48.48,49.28,46.68,47.18,48.5,-1.32,-2.7216,164332.23,779894.0,1.0056,47.18,48.48,49.28,46.68
688709.SH,20251229,47.3,48.58,46.42,46.79,47.18,-0.39,-0.8266,132078.9,627487.76,1.0056,46.79,47.3,48.58,46.42
688709.SH,20251230,46.56,46.87,45.15,45.34,46.79,-1.45,-3.099,116902.59,534688.031,1.0056,45.34,46.56,46.87,45.15
688709.SH,20251231,45.39,46.88,44.7,45.99,45.34,0.65,1.4336,105650.03,483708.019,1.0056,45.99,45.39,46.88,44.7
688709.SH,20260105,48.3,52.5,47.88,51.08,45.99,5.09,11.0676,255963.53,1286332.424,1.0056,51.08,48.3,52.5,47.88
688709.SH,20260106,51.0,51.11,48.4,49.4,51.08,-1.68,-3.289,207387.19,1028257.806,1.0056,49.4,51.0,51.11,48.4
688709.SH,20260107,50.5,50.58,48.12,48.4,49.4,-1.0,-2.0243,137765.15,675611.145,1.0056,48.4,50.5,50.58,48.12
688709.SH,20260108,48.05,49.95,48.03,49.2,48.4,0.8,1.6529,135481.16,665193.244,1.0056,49.2,48.05,49.95,48.03
688709.SH,20260109,49.02,51.93,47.63,50.34,49.2,1.14,2.3171,190880.13,952135.856,1.0056,50.34,49.02,51.93,47.63
688709.SH,20260112,51.0,55.3,49.59,53.53,50.34,3.19,6.3369,226894.85,1170702.078,1.0056,53.53,51.0,55.3,49.59
688709.SH,20260113,52.45,52.45,48.02,48.15,53.53,-5.38,-10.0504,176916.9,878673.493,1.0056,48.15,52.45,52.45,48.02
688709.SH,20260114,48.01,50.76,47.82,48.68,48.15,0.53,1.1007,158113.41,775199.569,1.0056,48.68,48.01,50.76,47.82
688709.SH,20260115,48.1,49.67,46.49,49.35,48.68,0.67,1.3763,130017.92,621923.98,1.0056,49.35,48.1,49.67,46.49
688709.SH,20260116,49.55,50.93,48.58,49.61,49.35,0.26,0.5268,104280.91,516213.136,1.0056,49.61,49.55,50.93,48.58
688709.SH,20260119,49.41,52.53,48.5,52.16,49.61,2.55,5.1401,141205.29,710988.323,1.0056,52.16,49.41,52.53,48.5
688709.SH,20260120,55.0,55.0,50.19,50.88,52.16,-1.28,-2.454,180463.31,952256.762,1.0056,50.88,55.0,55.0,50.19
688709.SH,20260121,50.14,53.0,50.14,51.91,50.88,1.03,2.0244,116859.01,608875.589,1.0056,51.91,50.14,53.0,50.14
688709.SH,20260122,52.59,52.8,50.54,50.82,51.91,-1.09,-2.0998,102316.13,526210.698,1.0056,50.82,52.59,52.8,50.54
688709.SH,20260123,51.04,55.8,50.91,54.5,50.82,3.68,7.2412,185354.05,992681.45,1.0056,54.5,51.04,55.8,50.91
688709.SH,20260126,53.86,54.17,49.18,49.98,54.5,-4.52,-8.2936,180854.9,925010.032,1.0056,49.98,53.86,54.17,49.18
688709.SH,20260127,49.53,52.3,48.18,51.37,49.98,1.39,2.7811,141810.14,712931.706,1.0056,51.37,49.53,52.3,48.18
688709.SH,20260128,52.98,53.93,51.0,51.87,51.37,0.5,0.9733,152434.4,797781.143,1.0056,51.87,52.98,53.93,51.0
688709.SH,20260129,51.62,54.45,51.06,51.07,51.87,-0.8,-1.5423,137064.62,721538.855,1.0056,51.07,51.62,54.45,51.06
688709.SH,20260130,50.3,51.69,49.4,50.57,51.07,-0.5,-0.979,108119.06,546846.291,1.0056,50.57,50.3,51.69,49.4
688709.SH,20260202,49.56,50.19,46.98,47.0,50.57,-3.57,-7.0595,119289.51,575742.642,1.0056,47.0,49.56,50.19,46.98
688709.SH,20260203,47.9,49.48,47.82,49.17,47.0,2.17,4.617,108009.54,526037.465,1.0056,49.17,47.9,49.48,47.82
688709.SH,20260204,48.79,49.03,46.58,47.28,49.17,-1.89,-3.8438,92721.12,439961.661,1.0056,47.28,48.79,49.03,46.58
688709.SH,20260205,46.96,47.93,46.61,47.5,47.28,0.22,0.4653,56881.31,269680.086,1.0056,47.5,46.96,47.93,46.61
688709.SH,20260206,47.0,48.0,46.36,46.82,47.5,-0.68,-1.4316,47568.75,224886.597,1.0056,46.82,47.0,48.0,46.36
688709.SH,20260209,47.87,48.86,47.16,47.21,46.82,0.39,0.833,75297.78,358201.841,1.0056,47.21,47.87,48.86,47.16
688709.SH,20260210,47.3,47.4,45.78,46.36,47.21,-0.85,-1.8005,86252.85,400342.835,1.0056,46.36,47.3,47.4,45.78
688709.SH,20260211,46.21,46.61,45.83,45.86,46.36,-0.5,-1.0785,46574.48,215260.6,1.0056,45.86,46.21,46.61,45.83
688709.SH,20260212,46.04,47.19,45.88,46.8,45.86,0.94,2.0497,52954.51,246742.56,1.0056,46.8,46.04,47.19,45.88
688709.SH,20260213,46.66,47.94,46.29,46.56,46.8,-0.24,-0.5128,56961.09,269306.96,1.0056,46.56,46.66,47.94,46.29
688709.SH,20260224,47.04,47.18,45.99,46.45,46.56,-0.11,-0.2363,47448.04,221082.321,1.0056,46.45,47.04,47.18,45.99
688709.SH,20260225,46.64,47.23,46.09,46.94,46.45,0.49,1.0549,53933.75,252085.541,1.0056,46.94,46.64,47.23,46.09
688709.SH,20260226,47.03,48.1,46.21,47.7,46.94,0.76,1.6191,73875.68,348677.23,1.0056,47.7,47.03,48.1,46.21
688709.SH,20260227,47.3,48.07,46.65,47.58,47.7,-0.12,-0.2516,52715.44,249723.376,1.0056,47.58,47.3,48.07,46.65
688709.SH,20260302,47.0,48.78,47.0,47.89,47.58,0.31,0.6515,85276.37,407422.753,1.0056,47.89,47.0,48.78,47.0
688709.SH,20260303,47.89,48.16,43.77,43.88,47.89,-4.01,-8.3734,105791.89,481500.916,1.0056,43.88,47.89,48.16,43.77
688709.SH,20260304,42.98,45.46,42.8,44.51,43.88,0.63,1.4357,65942.08,295411.87,1.0056,44.51,42.98,45.46,42.8
688709.SH,20260305,46.0,48.45,46.0,47.32,44.51,2.81,6.3132,117451.68,556118.117,1.0056,47.32,46.0,48.45,46.0
688709.SH,20260306,47.0,47.54,46.41,46.49,47.32,-0.83,-1.754,62525.2,293229.551,1.0056,46.49,47.0,47.54,46.41
688709.SH,20260309,45.8,48.35,44.53,47.79,46.49,1.3,2.7963,116871.83,550735.796,1.0056,47.79,45.8,48.35,44.53
688709.SH,20260310,50.88,50.89,48.55,48.95,47.79,1.16,2.4273,115936.7,574549.367,1.0056,48.95,50.88,50.89,48.55
688709.SH,20260311,48.89,49.76,48.0,48.14,48.95,-0.81,-1.6547,85267.23,415309.128,1.0056,48.14,48.89,49.76,48.0
688709.SH,20260312,48.0,48.49,46.5,46.98,48.14,-1.16,-2.4096,69457.18,328830.397,1.0056,46.98,48.0,48.49,46.5
688709.SH,20260313,46.5,47.0,45.56,46.0,46.98,-0.98,-2.086,60004.26,276597.035,1.0056,46.0,46.5,47.0,45.56
688709.SH,20260316,45.91,47.28,44.88,46.82,46.0,0.82,1.7826,60438.57,278752.653,1.0056,46.82,45.91,47.28,44.88
688709.SH,20260317,46.98,47.18,44.75,44.77,46.82,-2.05,-4.3785,49501.99,226583.278,1.0056,44.77,46.98,47.18,44.75
688709.SH,20260318,45.0,47.43,45.0,47.11,44.77,2.34,5.2267,75635.48,350711.434,1.0056,47.11,45.0,47.43,45.0
688709.SH,20260319,46.2,46.39,45.33,45.61,47.11,-1.5,-3.184,56914.22,260370.73,1.0056,45.61,46.2,46.39,45.33
688709.SH,20260320,45.94,47.03,45.21,46.05,45.61,0.44,0.9647,69890.32,321441.67,1.0056,46.05,45.94,47.03,45.21
688709.SH,20260323,44.96,44.98,42.0,42.23,46.05,-3.82,-8.2953,73593.81,320332.019,1.0056,42.23,44.96,44.98,42.0
688709.SH,20260324,43.0,43.23,41.16,42.96,42.23,0.73,1.7286,49159.75,207564.495,1.0056,42.96,43.0,43.23,41.16
688709.SH,20260325,43.2,44.22,43.09,43.35,42.96,0.39,0.9078,42747.03,186642.597,1.0056,43.35,43.2,44.22,43.09
688709.SH,20260326,43.44,43.45,41.1,41.38,43.35,-1.97,-4.5444,51471.28,216443.46,1.0056,41.38,43.44,43.45,41.1
688709.SH,20260327,40.4,43.64,40.4,42.86,41.38,1.48,3.5766,55373.06,234317.316,1.0056,42.86,40.4,43.64,40.4
688709.SH,20260330,42.0,43.55,41.8,43.27,42.86,0.41,0.9566,46716.62,199563.955,1.0056,43.27,42.0,43.55,41.8
688709.SH,20260331,42.96,44.55,42.57,42.69,43.27,-0.58,-1.3404,46541.73,202574.954,1.0056,42.69,42.96,44.55,42.57
688709.SH,20260401,43.98,43.98,42.85,43.1,42.69,0.41,0.9604,40672.62,176072.521,1.0056,43.1,43.98,43.98,42.85
688709.SH,20260402,42.99,43.0,40.96,41.2,43.1,-1.9,-4.4084,47576.8,199319.437,1.0056,41.2,42.99,43.0,40.96
688709.SH,20260403,41.58,42.04,41.31,41.35,41.2,0.15,0.3641,30691.9,127760.453,1.0056,41.35,41.58,42.04,41.31
688709.SH,20260407,41.85,42.46,41.17,41.22,41.35,-0.13,-0.3144,35832.71,150139.693,1.0056,41.22,41.85,42.46,41.17
